Name,NumberOfReps,Date
One Line Art,4,2025-07-01
One Line Art,5,2025-07-14
One Line Art,4,2025-07-28
One Line Art,5,2025-08-11
One Line Art,4,2025-08-25
One Line Art,5,2025-09-08
One Line Art,4,2025-09-22
One Line Art,5,2025-10-06
One Line Art,4,2025-10-20
One Line Art,5,2025-11-03
One Line Art,4,2025-11-17
One Line Art,5,2025-12-01
One Line Art,4,2025-12-15
One Line Art,5,2025-12-29
One Line Art,4,2026-01-07
One Line Art,5,2026-01-14
One Line Art,4,2026-01-20
One Line Art,5,2026-01-26
One Line Art,4,2026-02-01
One Line Art,5,2026-02-05
One Line Art,4,2026-02-08
